<?xml version="1.0" encoding="UTF-8"?>
<project-private xmlns="http://www.netbeans.org/ns/project-private/1">
    <editor-bookmarks xmlns="http://www.netbeans.org/ns/editor-bookmarks/2" lastBookmarkId="0"/>
    <open-files xmlns="http://www.netbeans.org/ns/projectui-open-files/2">
        <group>
            <file>file:/home/jitse/NetBeansProjects/ProjectDistrubuted/web/WEB-INF/web.xml</file>
            <file>file:/home/jitse/NetBeansProjects/ProjectDistrubuted/src/java/Entities/Message.java</file>
            <file>file:/home/jitse/NetBeansProjects/ProjectDistrubuted/src/conf/persistence.xml</file>
            <file>file:/home/jitse/NetBeansProjects/ProjectDistrubuted/src/java/Ejb/MessageEJB.java</file>
            <file>file:/home/jitse/NetBeansProjects/ProjectDistrubuted/src/conf/MANIFEST.MF</file>
            <file>file:/home/jitse/NetBeansProjects/ProjectDistrubuted/src/java/interceptors/ProfanityInterceptor.java</file>
            <file>file:/home/jitse/NetBeansProjects/ProjectDistrubuted/src/java/managed/messageController.java</file>
            <file>file:/home/jitse/NetBeansProjects/ProjectDistrubuted/web/index.xhtml</file>
        </group>
    </open-files>
</project-private>
